{"policies":[{"name":"*.connector/GenerateQRCode14(1.0).Connector_Endpoint","value":""},{"name":"*.connector/GenerateQRCode14(1.0).Routing_BindApiToImpl","value":"connector/GenerateQRCode14(1.0)"},{"name":"*.connector/GenerateQRCode14(1.0).Security_OwsmPolicy","value":"[]"},{"name":"*.connector/ProcessOffer14(1.0).Connector_Endpoint","value":""},{"name":"*.connector/ProcessOffer14(1.0).Routing_BindApiToImpl","value":"connector/ProcessOffer14(1.0)"},{"name":"*.connector/ProcessOffer14(1.0).Security_OwsmPolicy","value":"[{\"name\":\"oracle/http_basic_auth_over_ssl_client_policy\",\"description\":null,\"overrides\":[{\"propertyName\":\"csf-key\",\"value\":\"ICS14\",\"description\":\"ICS14\"}]}]"},{"name":"*.connector/QueryOffers14(1.0).Connector_Endpoint","value":""},{"name":"*.connector/QueryOffers14(1.0).Routing_BindApiToImpl","value":"connector/QueryOffers14(1.0)"},{"name":"*.connector/QueryOffers14(1.0).Security_OwsmPolicy","value":"[]"},{"name":"*.custom/LoyaltyMgmt14(1.0).Routing_BindApiToImpl","value":"LoyaltyMgmt14(1.0)"}]}