{"policies":[{"name":"*.connector/GenerateQRCode01(1.0).Connector_Endpoint","value":"https://qrcodegenerator-gse00013095.apaas.us6.oraclecloud.com"},{"name":"*.connector/GenerateQRCode01(1.0).Routing_BindApiToImpl","value":"connector/GenerateQRCode01(1.0)"},{"name":"*.connector/GenerateQRCode01(1.0).Security_OwsmPolicy","value":"[]  https://testdrive-gse00013095.integration.us2.oraclecloud.com:443/integration/flowapi/rest/KD_ICS_INTMGT/v01/processoffer"},{"name":"*.connector/ProcessOffer01(1.0).Connector_Endpoint","value":"https://testdrive-gse00013095.integration.us2.oraclecloud.com:443/integration/flowapi/rest/KD_ICS_INTMGT/v01/processoffer"},{"name":"*.connector/ProcessOffer01(1.0).Routing_BindApiToImpl","value":"connector/ProcessOffer01(1.0)"},{"name":"*.connector/ProcessOffer01(1.0).Security_OwsmPolicy","value":"[{\"name\":\"oracle/http_basic_auth_over_ssl_client_policy\",\"description\":null,\"overrides\":[{\"propertyName\":\"csf-key\",\"value\":\"ICS001\",\"description\":null}]}]"},{"name":"*.connector/QueryOffers01(1.0).Connector_Endpoint","value":"https://offer-gse00013095.apaas.us6.oraclecloud.com"},{"name":"*.connector/QueryOffers01(1.0).Routing_BindApiToImpl","value":"connector/QueryOffers01(1.0)"},{"name":"*.connector/QueryOffers01(1.0).Security_OwsmPolicy","value":"[]"},{"name":"*.custom/LoyaltyMgmt01(1.0).Routing_BindApiToImpl","value":"LoyaltyMgmt01(1.0)"},{"name":"*.custom/push(1.0).Routing_BindApiToImpl","value":"push(1.0.0)"}]}