{"policies":[{"name":"*.connector/GenerateQRCode18(1.0).Connector_Endpoint","value":""},{"name":"*.connector/GenerateQRCode18(1.0).Routing_BindApiToImpl","value":"connector/GenerateQRCode18(1.0)"},{"name":"*.connector/GenerateQRCode18(1.0).Security_OwsmPolicy","value":"[]"},{"name":"*.connector/ProcessOffer18(1.0).Connector_Endpoint","value":""},{"name":"*.connector/ProcessOffer18(1.0).Routing_BindApiToImpl","value":"connector/ProcessOffer18(1.0)"},{"name":"*.connector/ProcessOffer18(1.0).Security_OwsmPolicy","value":"[{\"name\":\"oracle/http_basic_auth_over_ssl_client_policy\",\"description\":null,\"overrides\":[{\"propertyName\":\"csf-key\",\"value\":\"ICS18\",\"description\":\"ICS18\"}]}]"},{"name":"*.connector/QueryOffers18(1.0).Connector_Endpoint","value":""},{"name":"*.connector/QueryOffers18(1.0).Routing_BindApiToImpl","value":"connector/QueryOffers18(1.0)"},{"name":"*.connector/QueryOffers18(1.0).Security_OwsmPolicy","value":"[]"},{"name":"*.custom/LoyaltyMgmt18(1.0).Routing_BindApiToImpl","value":"LoyaltyMgmt18(1.0)"}]}