{"policies":[{"name":"*.connector/GenerateQRCode02(1.0).Connector_Endpoint","value":""},{"name":"*.connector/GenerateQRCode02(1.0).Routing_BindApiToImpl","value":"connector/GenerateQRCode02(1.0)"},{"name":"*.connector/GenerateQRCode02(1.0).Security_OwsmPolicy","value":"[]"},{"name":"*.connector/ProcessOffer02(1.0).Connector_Endpoint","value":""},{"name":"*.connector/ProcessOffer02(1.0).Routing_BindApiToImpl","value":"connector/ProcessOffer02(1.0)"},{"name":"*.connector/ProcessOffer02(1.0).Security_OwsmPolicy","value":"[{\"name\":\"oracle/http_basic_auth_over_ssl_client_policy\",\"description\":null,\"overrides\":[{\"propertyName\":\"csf-key\",\"value\":\"ICS02\",\"description\":null}]}]"},{"name":"*.connector/QueryOffers02(1.0).Connector_Endpoint","value":""},{"name":"*.connector/QueryOffers02(1.0).Routing_BindApiToImpl","value":"connector/QueryOffers02(1.0)"},{"name":"*.connector/QueryOffers02(1.0).Security_OwsmPolicy","value":"[]"},{"name":"*.custom/LoyaltyMgmt02(1.0).Routing_BindApiToImpl","value":"LoyaltyMgmt02(1.0)"}]}