{"policies":[{"name":"*.connector/GenerateQRCode17(1.0).Connector_Endpoint","value":""},{"name":"*.connector/GenerateQRCode17(1.0).Routing_BindApiToImpl","value":"connector/GenerateQRCode17(1.0)"},{"name":"*.connector/GenerateQRCode17(1.0).Security_OwsmPolicy","value":"[]"},{"name":"*.connector/ProcessOffer17(1.0).Connector_Endpoint","value":""},{"name":"*.connector/ProcessOffer17(1.0).Routing_BindApiToImpl","value":"connector/ProcessOffer17(1.0)"},{"name":"*.connector/ProcessOffer17(1.0).Security_OwsmPolicy","value":"[{\"name\":\"oracle/http_basic_auth_over_ssl_client_policy\",\"description\":null,\"overrides\":[{\"propertyName\":\"csf-key\",\"value\":\"ICS17\",\"description\":\"ICS17\"}]}]"},{"name":"*.connector/QueryOffers17(1.0).Connector_Endpoint","value":""},{"name":"*.connector/QueryOffers17(1.0).Routing_BindApiToImpl","value":"connector/QueryOffers17(1.0)"},{"name":"*.connector/QueryOffers17(1.0).Security_OwsmPolicy","value":"[]"},{"name":"*.custom/LoyaltyMgmt17(1.0).Routing_BindApiToImpl","value":"LoyaltyMgmt17(1.0)"}]}