{"policies":[{"name":"*.connector/GenerateQRCode16(1.0).Connector_Endpoint","value":""},{"name":"*.connector/GenerateQRCode16(1.0).Routing_BindApiToImpl","value":"connector/GenerateQRCode16(1.0)"},{"name":"*.connector/GenerateQRCode16(1.0).Security_OwsmPolicy","value":"[]"},{"name":"*.connector/ProcessOffer16(1.0).Connector_Endpoint","value":""},{"name":"*.connector/ProcessOffer16(1.0).Routing_BindApiToImpl","value":"connector/ProcessOffer16(1.0)"},{"name":"*.connector/ProcessOffer16(1.0).Security_OwsmPolicy","value":"[{\"name\":\"oracle/http_basic_auth_over_ssl_client_policy\",\"description\":null,\"overrides\":[{\"propertyName\":\"csf-key\",\"value\":\"ICS16\",\"description\":\"ICS16\"}]}]"},{"name":"*.connector/QueryOffers16(1.0).Connector_Endpoint","value":""},{"name":"*.connector/QueryOffers16(1.0).Routing_BindApiToImpl","value":"connector/QueryOffers16(1.0)"},{"name":"*.connector/QueryOffers16(1.0).Security_OwsmPolicy","value":"[]"},{"name":"*.custom/LoyaltyMgmt16(1.0).Routing_BindApiToImpl","value":"LoyaltyMgmt16(1.0)"}]}