
{
    "apiName":"LoyaltyMgmt15",
    "apiVersion":"1.0",
    "apiId":"58da85b2-7ccd-49fa-8f97-07dfd0a58699",
    "baseUrl":"http://<MCS_SERVER>:<MCS_PORT>/",
    "authorization":{
        "mobileBackendID":"<YOUR_MOBILE_BACKEND_ID>",
        "anonymousKey":"<MBE_ANONYMOUS_KEY>",
        "oauth":{
            "tokenEndpoint":"<MBE_OAUTH_TOKEN_ENDPOINT>",
            "clientId":"<MBE_OAUTH_CLIENT_ID>",
            "clientSecret":"<MBE_OAUTH_CLIENT_ID>"
        }
    },
    "container":{
        "oracleMobileApiName":"OracleMobileAPI",
        "port":4000
    },
    "deploy":{
        "tempDirectory":"/tmp/mcs-deploy"
    },
    "tests":{
        "getOfferId":{
            "method":"GET",
            "resource":"/offer/:id",
            "uriParameters":{
                "id":"<PARAMETER_VALUE>"
            }
        },
        "getOffer":{
            "method":"GET",
            "resource":"/offer"
        },
        "getOfferIdQr":{
            "method":"GET",
            "resource":"/offer/:id/qr",
            "uriParameters":{
                "id":"<PARAMETER_VALUE>"
            }
        }
    }
}