{"policies":[{"name":"*.connector/GenerateQRCode03(1.0).Connector_Endpoint","value":null},{"name":"*.connector/GenerateQRCode03(1.0).Routing_BindApiToImpl","value":"connector/GenerateQRCode03(1.0)"},{"name":"*.connector/GenerateQRCode03(1.0).Security_OwsmPolicy","value":"[]"},{"name":"*.connector/ProcessOffer03(1.0).Connector_Endpoint","value":null},{"name":"*.connector/ProcessOffer03(1.0).Routing_BindApiToImpl","value":"connector/ProcessOffer03(1.0)"},{"name":"*.connector/ProcessOffer03(1.0).Security_OwsmPolicy","value":"[{\"name\":\"oracle/http_basic_auth_over_ssl_client_policy\",\"description\":null,\"overrides\":[{\"propertyName\":\"csf-key\",\"value\":\"ICS03\",\"description\":\"ICS03\"}]}]"},{"name":"*.connector/QueryOffers03(1.0).Connector_Endpoint","value":null},{"name":"*.connector/QueryOffers03(1.0).Routing_BindApiToImpl","value":"connector/QueryOffers03(1.0)"},{"name":"*.connector/QueryOffers03(1.0).Security_OwsmPolicy","value":"[]"},{"name":"*.custom/LoyaltyMgmt03(1.0).Routing_BindApiToImpl","value":"LoyaltyMgmt03(1.0)"}]}