{"policies":[{"name":"*.connector/TestDriveICSConnectorAPI(1.0).Connector_Endpoint","value":"https://integration-gse00011988.integration.us2.oraclecloud.com"},{"name":"*.connector/TestDriveICSConnectorAPI(1.0).Routing_BindApiToImpl","value":"connector/TestDriveICSConnectorAPI(1.0)"},{"name":"*.connector/TestDriveICSConnectorAPI(1.0).Security_OwsmPolicy","value":"[{\"name\":\"oracle/http_basic_auth_over_ssl_client_policy\",\"description\":null,\"overrides\":[{\"propertyName\":\"csf-key\",\"value\":\"ics_gse00012012 20170808\",\"description\":null}]}]"}]}