{"policies":[{"name":"*.connector/GenerateQRCode20(1.0).Connector_Endpoint","value":""},{"name":"*.connector/GenerateQRCode20(1.0).Routing_BindApiToImpl","value":"connector/GenerateQRCode20(1.0)"},{"name":"*.connector/GenerateQRCode20(1.0).Security_OwsmPolicy","value":"[]"},{"name":"*.connector/ProcessOffer20(1.0).Connector_Endpoint","value":""},{"name":"*.connector/ProcessOffer20(1.0).Routing_BindApiToImpl","value":"connector/ProcessOffer20(1.0)"},{"name":"*.connector/ProcessOffer20(1.0).Security_OwsmPolicy","value":"[{\"name\":\"oracle/http_basic_auth_over_ssl_client_policy\",\"description\":null,\"overrides\":[{\"propertyName\":\"csf-key\",\"value\":\"ICS20\",\"description\":\"ICS20\"}]}]"},{"name":"*.connector/QueryOffers20(1.0).Connector_Endpoint","value":""},{"name":"*.connector/QueryOffers20(1.0).Routing_BindApiToImpl","value":"connector/QueryOffers20(1.0)"},{"name":"*.connector/QueryOffers20(1.0).Security_OwsmPolicy","value":"[]"},{"name":"*.custom/LoyaltyMgmt20(1.0).Routing_BindApiToImpl","value":"LoyaltyMgmt20(1.0)"}]}