{"policies":[{"name":"*.connector/GenerateQRCode15(1.0).Connector_Endpoint","value":""},{"name":"*.connector/GenerateQRCode15(1.0).Routing_BindApiToImpl","value":"connector/GenerateQRCode15(1.0)"},{"name":"*.connector/GenerateQRCode15(1.0).Security_OwsmPolicy","value":"[]"},{"name":"*.connector/ProcessOffer15(1.0).Connector_Endpoint","value":""},{"name":"*.connector/ProcessOffer15(1.0).Routing_BindApiToImpl","value":"connector/ProcessOffer15(1.0)"},{"name":"*.connector/ProcessOffer15(1.0).Security_OwsmPolicy","value":"[{\"name\":\"oracle/http_basic_auth_over_ssl_client_policy\",\"description\":null,\"overrides\":[{\"propertyName\":\"csf-key\",\"value\":\"ICS15\",\"description\":\"ICS15\"}]}]"},{"name":"*.connector/QueryOffers15(1.0).Connector_Endpoint","value":""},{"name":"*.connector/QueryOffers15(1.0).Routing_BindApiToImpl","value":"connector/QueryOffers15(1.0)"},{"name":"*.connector/QueryOffers15(1.0).Security_OwsmPolicy","value":"[]"},{"name":"*.custom/LoyaltyMgmt15(1.0).Routing_BindApiToImpl","value":"LoyaltyMgmt15(1.0)"}]}