{"policies":[{"name":"*.connector/GenerateQRCode01(1.0).Connector_Endpoint","value":null},{"name":"*.connector/GenerateQRCode01(1.0).Routing_BindApiToImpl","value":"connector/GenerateQRCode01(1.0)"},{"name":"*.connector/GenerateQRCode01(1.0).Security_OwsmPolicy","value":"[]"},{"name":"*.connector/ProcessOffer01(1.0).Connector_Endpoint","value":null},{"name":"*.connector/ProcessOffer01(1.0).Routing_BindApiToImpl","value":"connector/ProcessOffer01(1.0)"},{"name":"*.connector/ProcessOffer01(1.0).Security_OwsmPolicy","value":"[{\"name\":\"oracle/http_basic_auth_over_ssl_client_policy\",\"description\":null,\"overrides\":[{\"propertyName\":\"csf-key\",\"value\":\"ICS01\",\"description\":\"ICS01\"}]}]"},{"name":"*.connector/QueryOffers01(1.0).Connector_Endpoint","value":null},{"name":"*.connector/QueryOffers01(1.0).Routing_BindApiToImpl","value":"connector/QueryOffers01(1.0)"},{"name":"*.connector/QueryOffers01(1.0).Security_OwsmPolicy","value":"[]"},{"name":"*.custom/LoyaltyMgmt01(1.0).Routing_BindApiToImpl","value":"LoyaltyMgmt01(1.0)"}]}