{"policies":[{"name":"*.connector/GenerateQRCode12(1.0).Connector_Endpoint","value":""},{"name":"*.connector/GenerateQRCode12(1.0).Routing_BindApiToImpl","value":"connector/GenerateQRCode12(1.0)"},{"name":"*.connector/GenerateQRCode12(1.0).Security_OwsmPolicy","value":"[]"},{"name":"*.connector/ProcessOffer12(1.0).Connector_Endpoint","value":""},{"name":"*.connector/ProcessOffer12(1.0).Routing_BindApiToImpl","value":"connector/ProcessOffer12(1.0)"},{"name":"*.connector/ProcessOffer12(1.0).Security_OwsmPolicy","value":"[{\"name\":\"oracle/http_basic_auth_over_ssl_client_policy\",\"description\":null,\"overrides\":[{\"propertyName\":\"csf-key\",\"value\":\"ICS12\",\"description\":\"ICS12\"}]}]"},{"name":"*.connector/QueryOffers12(1.0).Connector_Endpoint","value":""},{"name":"*.connector/QueryOffers12(1.0).Routing_BindApiToImpl","value":"connector/QueryOffers12(1.0)"},{"name":"*.connector/QueryOffers12(1.0).Security_OwsmPolicy","value":"[]"},{"name":"*.custom/LoyaltyMgmt12(1.0).Routing_BindApiToImpl","value":"LoyaltyMgmt12(1.0)"}]}