{"apiVersion":"1.0","swaggerVersion":"1.2","basePath":"/mobile/custom/LoyaltyManagementAPI","apis":[{"path":"/offer/{id}","description":"Offer.","operations":[{"type":"void","method":"GET","nickname":"GET","parameters":[{"name":"id","type":"string","paramType":"path","allowMultiple":false,"required":true}],"summary":"Get offer details","notes":"Get offer details","responseMessages":[{"code":200}],"produces":["application/json"]}]},{"path":"/offer/{id}/qr","operations":[{"type":"void","method":"GET","nickname":"GET","parameters":[{"name":"id","type":"string","paramType":"path","allowMultiple":false,"required":true}],"summary":"Get offer QR code.","notes":"Get offer QR code.","responseMessages":[{"code":200}],"produces":["image/png"]}]},{"path":"/offer/processoffer","operations":[{"type":"void","method":"POST","nickname":"POST","parameters":[{"name":"body","type":"string","paramType":"body"}],"summary":"Process an offer.","notes":"Process an offer.","responseMessages":[{"code":200}],"produces":["application/json"],"consumes":["application/json"]}]},{"path":"/offer","operations":[{"type":"void","method":"GET","nickname":"GET","parameters":[],"summary":"List offers.","notes":"List offers.","responseMessages":[{"example":"[{\n    \"id\": 10001,\n    \"name\": \"Samsam Galaxy Offer\",\n    \"points\": 6000,\n    \"message\": \"Exchange 6000 points for 10% discount of Samsam Mobile Phone\",\n    \"productid\": 20001,\n    \"productname\": \"Samsam Galaxy 7\",\n    \"productprice\": 1000,\n    \"productimage\": \"20001.jpg\",\n    \"productdesc\": \"The best Android phone in the galaxy\"\n},{\n    \"id\": 10002,\n    \"name\": \"iPhone 10\",\n    \"points\": 10000,\n    \"message\": \"Exchange 10000 points for 20% dicount of iPhone 10\",\n    \"productid\": 20002,\n    \"productname\": \"iPhone 10\",\n    \"productprice\": 1500,\n    \"productimage\": \"20002.jpg\",\n    \"productdesc\": \"The phone comes from the future\"\n},{\n    \"id\": 10003,\n    \"name\": \"Free Drinks\",\n    \"points\": 4000,\n    \"message\": \"Exchange 500 points to get one free drink\",\n    \"productid\": 20003,\n    \"productname\": \"Bear Beer\",\n    \"productprice\": 10,\n    \"productimage\": \"20003.jpg\",\n    \"productdesc\": \"You cannot stop after the first pint\"\n}]\n","code":200}],"produces":["application/json"]}]},{"path":"/offer/{id}/accept","operations":[{"type":"void","method":"POST","nickname":"POST","parameters":[{"name":"id","type":"string","paramType":"path","allowMultiple":false,"required":true},{"name":"body","type":"string","example":"{\n  \"productid\": 20001,\n}\n","paramType":"body"}],"notes":"Accept an offer","responseMessages":[{"example":"{\n  \"activityid\" : \"0-79960-v1.0\",\n  \"imgurl\" : \"https://qrcodegenerator-gse00010885.apaas.em3.oraclecloud.com/ctdqr/v1/offer/10001\"\n}\n","code":200}],"produces":["application/json"],"consumes":["application/json"]}]},{"path":"/offer/{id}/reject","operations":[{"type":"void","method":"POST","nickname":"POST","parameters":[{"name":"id","type":"string","paramType":"path","allowMultiple":false,"required":true},{"name":"body","type":"string","example":"{\n  \"productid\": 10001\n}\n","paramType":"body"}],"notes":"Accept an offer","responseMessages":[{"example":"{\n  \"activityid\" : \"0-79960-v1.0\",\n  \"imgurl\" : \"https://qrcodegenerator-gse00010885.apaas.em3.oraclecloud.com/ctdqr/v1/offer/10001\"\n}","code":200}],"produces":["application/json"],"consumes":["application/json"]}]}],"models":{},"info":{"title":"Loyalty Management API","description":"API for Loyalty Management app."}}